theta,Ed_normalized
0.0,0.2523706506740132
0.008738783459220564,0.2525524243620664
0.01747756691844113,0.25274115715933926
0.026216350377661693,0.2529366610616293
0.03495513383688226,0.2531387399945713
0.04369391729610282,0.2533471899164189
0.052432700755323386,0.2535617989296223
0.06117148421454395,0.25378234740163563
0.06991026767376451,0.25400860809538467
0.07864905113298508,0.2542403463098206
0.08738783459220564,0.25447732003098283
0.09612661805142621,0.2547192800939789
0.10486540151064677,0.2549659703562827
0.11360418496986734,0.2552171278827341
0.1223429684290879,0.25547248314260435
0.13108175188830845,0.25573176021907323
0.13982053534752903,0.2559946770314371
0.1485593188067496,0.25626094557033896
0.15729810226597016,0.2565302721462842
0.1660368857251907,0.2568023576516675
0.1747756691844113,0.2570768978365005
0.18351445264363186,0.25735358359799276
0.19225323610285242,0.2576321012840882
0.20099201956207297,0.25791213301101795
0.20973080302129354,0.25819335699488016
0.21846958648051412,0.2584754478972009
0.22720836993973467,0.2587580771843802
0.23594715339895522,0.2590409135008659
0.2446859368581758,0.2593236230558377
0.2534247203173964,0.25960587002312563
0.2621635037766169,0.25988731695401535
0.2709022872358375,0.2601676252025342
0.27964107069505806,0.2604464553627415
0.28837985415427864,0.2607234677174758
0.2971186376134992,0.2609983226979485
0.30585742107271974,0.26127068135349896
0.3145962045319403,0.2615402058307608
0.3233349879911609,0.26180655986141677
0.3320737714503814,0.2620694092576562
0.340812554909602,0.2623284224143808
0.3495513383688226,0.2625832708171387
0.35829012182804315,0.26283362955470707
0.36702890528726373,0.26307917783518536
0.37576768874648425,0.26331959950440004
0.38450647220570483,0.26355458356537775
0.3932452556649254,0.2637838246975868
0.40198403912414593,0.26400702377461244
0.4107228225833665,0.2642238883788849
0.4194616060425871,0.2644341333120547
0.42820038950180767,0.2646374810995751
0.43693917296102824,0.2648336624880382
0.44567795642024877,0.2650224169337911
0.45441673987946934,0.2652034930813571
0.4631555233386899,0.2653766492301825
0.47189430679791045,0.26554165378823885
0.480633090257131,0.26569828571102766
0.4893718737163516,0.2658463349245517
0.4981106571755722,0.2659856027308524
0.5068494406347928,0.26611590219474907
0.5155882240940133,0.26623705851045665
0.5243270075532338,0.26634890934682004
0.5330657910124544,0.26645130516995463
0.541804574471675,0.2665441095421534
0.5505433579308956,0.2666271993959951
0.5592821413901161,0.2667004652826651
0.5680209248493366,0.26676381159359097
0.5767597083085573,0.26681715675457834
0.5854984917677778,0.2668604333917382
0.5942372752269984,0.26689358846858974
0.602976058686219,0.26691658339383084
0.6117148421454395,0.26692939409937433
0.6204536256046601,0.266932011088359
0.6291924090638806,0.26692443945295585
0.6379311925231012,0.26690669886190105
0.6466699759823218,0.2668788235178043
0.6554087594415423,0.26684086208439006
0.6641475429007628,0.26679287758394316
0.6728863263599835,0.2667349472653407
0.681625109819204,0.2666671624431586
0.6903638932784246,0.2665896283084482
0.6991026767376451,0.2665024637118769
0.7078414601968657,0.2664058009200247
0.7165802436560863,0.2662997853457212
0.7253190271153068,0.26618457525339456
0.7340578105745275,0.2660603414404813
0.742796594033748,0.2659272668960253
0.7515353774929685,0.26578554643765917
0.7602741609521891,0.26563538632822237
0.7690129444114097,0.26547700387332523
0.7777517278706302,0.26531062700121444
0.7864905113298508,0.26513649382633425
0.7952292947890713,0.264954852198007
0.8039680782482919,0.2647659592356849
0.8127068617075125,0.26457008085223666
0.821445645166733,0.26436749126674325
0.8301844286259537,0.26415847250827906
0.8389232120851742,0.2639433139121456
0.8476619955443947,0.2637223116100182
0.8564007790036153,0.2634957680154404
0.8651395624628359,0.26326399130607736
0.8738783459220565,0.2630272949041119
0.882617129381277,0.2627859969561227
0.8913559128404975,0.262540419813747
0.9000946962997182,0.2622908895163815
0.9088334797589387,0.26203773527712443
0.9175722632181592,0.26178128897310377
0.9263110466773798,0.26152188464128334
0.9350498301366004,0.26125985798077406
0.9437886135958209,0.2609955458626106
0.9525273970550415,0.26072928584789656
0.961266180514262,0.26046141571514714
0.9700049639734827,0.26019227299759007
0.9787437474327032,0.25992219453112303
0.9874825308919237,0.2596515160135505
0.9962213143511444,0.2593805715756558
1.004960097810365,0.2591096933645996
1.0136988812695855,0.2588392111400638
1.022437664728806,0.2585694518834972
1.0311764481880266,0.2583007394207547
1.039915231647247,0.25803339405835785
1.0486540151064676,0.2577677322335461
1.0573927985656884,0.25750406617822924
1.0661315820249089,0.25724270359689555
1.0748703654841294,0.25698394735847907
1.08360914894335,0.256728095202138
1.0923479324025704,0.25647543945685014
1.1010867158617912,0.25622626677468713
1.1098254993210117,0.2559808578775893
1.1185642827802322,0.2557394873174233
1.1273030662394528,0.2555024232490746
1.1360418496986733,0.25526992721629016
1.144780633157894,0.2550422539499655
1.1535194166171145,0.25481965117853744
1.162258200076335,0.25460235945013265
1.1709969835355556,0.2543906119660933
1.1797357669947761,0.2541846344254936
1.1884745504539969,0.253984644880245
1.1972133339132174,0.2537908536003781
1.205952117372438,0.25360346294908603
1.2146909008316584,0.2534226672671041
1.223429684290879,0.25324865276600705
1.2321684677500995,0.2530815974299966
1.2409072512093202,0.2529216709257663
1.2496460346685407,0.2527690345200252
1.2583848181277613,0.2526238410042789
1.2671236015869818,0.25248623462646974
1.2758623850462023,0.2523563510290936
1.284601168505423,0.2522343171934208
1.2933399519646436,0.25212025138946675
1.302078735423864,0.25201426313137226
1.3108175188830846,0.25191645313787053
1.3195563023423051,0.25182691329754037
1.3282950858015257,0.25174572663856204
1.3370338692607464,0.2516729673027147
1.345772652719967,0.25160870052337686
1.3545114361791875,0.25155298260731573
1.363250219638408,0.2515058609200704
1.3719890030976285,0.25146737387476514
1.3807277865568492,0.25143755092420905
1.3894665700160698,0.25141641255616454
1.3982053534752903,0.25140397029169637
1.4069441369345108,0.25140022668653356
1.4156829203937313,0.25140517533540824
1.424421703852952,0.2514188008793582
1.4331604873121726,0.25144107901600693
1.4418992707713931,0.2514719765128633
1.4506380542306136,0.25151145122370655
1.4593768376898342,0.25155945210814823
1.468115621149055,0.25161591925449034
1.4768544046082754,0.25168078390602205
1.485593188067496,0.251753968490921
1.4943319715267165,0.25183538665595123
1.503070754985937,0.2519249433041715
1.5118095384451575,0.25202253463688884
1.5205483219043783,0.2521280482001165
1.5292871053635988,0.25224136293581095
1.5380258888228193,0.25236234923818707
1.5467646722820398,0.25249086901542367
1.5555034557412604,0.2526267757570898
1.564242239200481,0.2527699146076392
1.5729810226597016,0.2529201224463283
1.5817198061189222,0.25307722797393245
1.5904585895781427,0.2532410518066353
1.5991973730373632,0.2534114065774849
1.6079361564965837,0.2535880970458059
1.6166749399558045,0.2537709202149695
1.625413723415025,0.253959665458917
1.6341525068742455,0.2541541146578381
1.642891290333466,0.25435404234339826
1.6516300737926866,0.2545592158539038
1.6603688572519073,0.25476939549978606
1.6691076407111278,0.254984334739775
1.6778464241703483,0.2552037803681171
1.6865852076295689,0.2554274727131753
1.6953239910887894,0.2556551458477321
1.7040627745480101,0.25588652781128984
1.7128015580072307,0.2561213408446381
1.7215403414664512,0.25635930163693155
1.7302791249256717,0.2566001215854837
1.7390179083848922,0.2568435070684538
1.747756691844113,0.25708915973056207
1.7564954753033335,0.25733677678192507
1.765234258762554,0.25758605131006745
1.7739730422217745,0.25783667260510973
1.782711825680995,0.25808832649808805
1.7914506091402156,0.2583406957123096
1.8001893925994363,0.2585934602275897
1.8089281760586569,0.25884629765716394
1.8176669595178774,0.25909888363700617
1.826405742977098,0.259350892227226
1.8351445264363184,0.25960199632515407
1.8438833098955392,0.25985186808966493
1.8526220933547597,0.2601001793762148
1.8613608768139802,0.260346602182019
1.8700996602732007,0.26059080910071414
1.8788384437324213,0.2608324737857988
1.8875772271916418,0.2610712714220719
1.8963160106508625,0.2613068792042295
1.905054794110083,0.26153897682171745
1.9137935775693036,0.2617672469488762
1.922532361028524,0.2619913757393554
1.9312711444877446,0.26221105332372185
1.9400099279469654,0.2624259743091289
1.9487487114061859,0.2626358382798711
1.9574874948654064,0.2628403502975941
1.966226278324627,0.26303922139990044
1.9749650617838475,0.26323216909604424
1.9837038452430682,0.2634189178583862
1.9924426287022887,0.2635991996082466
2.0011814121615092,0.26377275419478335
2.00992019562073,0.2639393298654993
2.0186589790799503,0.264098683726984
2.027397762539171,0.2642505821944895
2.0361365459983913,0.26439480142894844
2.044875329457612,0.2645311277600566
2.053614112916833,0.26465935809406205
2.062352896376053,0.2647793003049292
2.071091679835274,0.2648907736075852
2.079830463294494,0.2649936089119931
2.088569246753715,0.2650876491568485
2.097308030212935,0.2651727496217535
2.106046813672156,0.26524877821677684
2.1147855971313767,0.2653156157483885
2.123524380590597,0.2653731561608227
2.1322631640498177,0.26542130675200737
2.141001947509038,0.26545998836328416
2.149740730968259,0.26548913554223164
2.1584795144274795,0.26550869667799726
2.1672182978867,0.265518634108647
2.1759570813459206,0.2655189242001353
2.184695864805141,0.2655095573966075
2.1934346482643616,0.2654905382418483
2.2021734317235824,0.26546188537179827
2.2109122151828027,0.2654236314781649
2.2196509986420234,0.2653758232432658
2.2283897821012437,0.26531852124634264
2.2371285655604645,0.26525179984169023
2.245867349019685,0.2651757470090519
2.2546061324789055,0.2650904641768221
2.2633449159381263,0.26499606601870523
2.2720836993973466,0.2648926802245629
2.2808224828565673,0.2647804472462728
2.289561266315788,0.26465952001950627
2.2983000497750083,0.2645300636624083
2.307038833234229,0.2643922551522343
2.3157776166934494,0.2642462829810657
2.32451640015267,0.2640923467917841
2.333255183611891,0.263930656995535
2.341993967071111,0.2637614343719629
2.350732750530332,0.26358490965353
2.3594715339895522,0.263401323095268
2.368210317448773,0.2632109240313369
2.3769491009079937,0.2630139704197765
2.385687884367214,0.2628107283768522
2.3944266678264348,0.26260147170239573
2.403165451285655,0.2623864813975392
2.411904234744876,0.26216604517623127
2.420643018204096,0.26194045697190566
2.429381801663317,0.26171001644065045
2.4381205851225376,0.2614750284622002
2.446859368581758,0.26123580264003343
2.4555981520409786,0.260992652801828
2.464336935500199,0.26074589650147395
2.4730757189594197,0.260495854523805
2.4818145024186404,0.2602428503931513
2.4905532858778607,0.25998720988676527
2.4992920693370815,0.2597292605541162
2.508030852796302,0.25946933124298505
2.5167696362555225,0.2592077516332341
2.5255084197147433,0.2589448517790595
2.5342472031739636,0.25868096166047055
2.5429859866331843,0.258416410744678
2.5517247700924046,0.2581515275580033
2.5604635535516254,0.257886639268858
2.569202337010846,0.25762207128227876
2.5779411204700664,0.2573581468464368
2.586679903929287,0.25709518667147924
2.5954186873885075,0.2568335085609968
2.604157470847728,0.2565734270563552
2.612896254306949,0.25631525309406494
2.6216350377661692,0.25605929367631375
2.63037382122539,0.2558058515547272
2.6391126046846103,0.25555522492737537
2.647851388143831,0.2553077071489931
2.6565901716030513,0.25506358645433747
2.665328955062272,0.25482314569456077
2.674067738521493,0.2545866620864397
2.682806521980713,0.2543544069742637
2.691545305439934,0.25412664560415044
2.700284088899154,0.25390363691052764
2.709022872358375,0.25368563331449206
2.7177616558175957,0.25347288053372974
2.726500439276816,0.25326561740366293
2.7352392227360367,0.25306407570946965
2.743978006195257,0.25286848002860285
2.7527167896544777,0.25267904758342863
2.7614555731136985,0.2524959881035885
2.770194356572919,0.25231950369768424
2.7789331400321395,0.2521497887338808
2.78767192349136,0.25198702972901693
2.7964107069505806,0.2518314052458174
2.8051494904098013,0.25168308579779824
2.8138882738690216,0.2515422337614667
2.8226270573282424,0.2514090032954169
2.8313658407874627,0.2512835402659385
2.8401046242466834,0.2511659821787607
2.848843407705904,0.25105645811656596
2.8575821911651245,0.25095508868192884
2.866320974624345,0.25086198594533743
2.8750597580835655,0.25077725339798673
2.8837985415427863,0.25070098590903955
2.892537325002007,0.2506332696870753
2.9012761084612273,0.2505741822454672
2.910014891920448,0.2505237923714479
2.9187536753796683,0.2504821600986475
2.927492458838889,0.25044933668291003
2.93623124229811,0.25042536458121856
2.94497002575733,0.2504102774335844
2.953708809216551,0.25040410004777874
2.962447592675771,0.2504068483868126
2.971186376134992,0.2504185295590964
2.9799251595942122,0.25043914181123494
2.988663943053433,0.25046867452344185
2.9974027265126537,0.2505071082075828
3.006141509971874,0.25055441450788335
3.0148802934310948,0.25061055620436345
3.023619076890315,0.25067548721908717
3.032357860349536,0.25074915262534286
3.0410966438087565,0.25083148865989213
3.049835427267977,0.2509224227384537
3.0585742107271976,0.25102187347461064
3.067312994186418,0.2511297507023586
3.0760517776456386,0.2512459555025264
3.0847905611048594,0.2513703802333341
3.0935293445640797,0.251502908565367
3.1022681280233004,0.25164341552126945
3.1110069114825207,0.25179176752047844
3.1197456949417415,0.25194782242933916
3.128484478400962,0.25211142961695926
3.1372232618601825,0.2522824300171725
3.1459620453194033,0.2524606561970024
3.1547008287786236,0.2526459324320224
3.1634396122378443,0.2528380747890231
3.172178395697065,0.253036891216406
3.1809171791562854,0.253242181642728
3.189655962615506,0.25345373808382693
3.1983947460747264,0.2536713447589605
3.207133529533947,0.2538947782163898
3.2158723129931674,0.2541238074688368
3.224611096452388,0.25435819413924143
3.233349879911609,0.2545976926172311
3.2420886633708292,0.2548420502267119
3.25082744683005,0.2550910074049702
3.2595662302892703,0.25534429789366014
3.268305013748491,0.2556016489420342
3.2770437972077118,0.2558627815227471
3.285782580666932,0.25612741056054
3.294521364126153,0.2563952451740834
3.303260147585373,0.2566659889312214
3.311998931044594,0.25693934011782826
3.3207377145038146,0.2572149920204472
3.329476497963035,0.2574926332228371
3.3382152814222557,0.2577719479165147
3.346954064881476,0.2580526162253216
3.3556928483406967,0.25833431454400396
3.3644316317999174,0.2586167158907318
3.3731704152591377,0.2588994902734321
3.3819091987183585,0.25918230506974865
3.390647982177579,0.25946482542038246
3.3993867656367995,0.2597467146355
3.4081255490960203,0.2600276346138349
3.4168643325552406,0.26030724627403967
3.4256031160144613,0.2605852099977766
3.4343418994736816,0.2608611860839698
3.4430806829329024,0.26113483521356834
3.451819466392123,0.26140581892410625
3.4605582498513434,0.26167380009326924
3.469297033310564,0.2619384434306164
3.4780358167697845,0.26219941597653496
3.486774600229005,0.2624563876074414
3.495513383688226,0.2627090315461787
3.5042521671474463,0.2629570248765006
3.512990950606667,0.26320004906047256
3.5217297340658873,0.2634377904575708
3.530468517525108,0.2636699408442036
3.5392073009843283,0.2638961979323399
3.547946084443549,0.26411626588588505
3.55668486790277,0.26432985583341057
3.56542365136199,0.2645366863758141
3.574162434821211,0.2647364840874618
3.582901218280431,0.26492898400934883
3.591640001739652,0.2651139301328027
3.6003787851988727,0.26529107587225215
3.609117568658093,0.2654601845255841
3.6178563521173137,0.2656210297206286
3.626595135576534,0.2657733958463232
3.6353339190357548,0.2659170784671415
3.6440727024949755,0.2660518847193986
3.652811485954196,0.26617763368809183
3.6615502694134165,0.2662941567629814
3.670289052872637,0.2664012979726751
3.6790278363318576,0.266498914295539
3.6877666197910783,0.26658687594633546
3.6965054032502986,0.2666650666375542
3.7052441867095194,0.26673338381449774
3.7139829701687397,0.26679173886326346
3.7227217536279604,0.26684005729085697
3.731460537087181,0.2668782788767783
3.7401993205464015,0.2669063577955147
3.748938104005622,0.2669242627094881
3.7576768874648425,0.2669319768321081
3.7664156709240633,0.26692949796069526
3.7751544543832836,0.26691683847915304
3.7838932378425043,0.26689402533037526
3.792632021301725,0.2668610999584939
3.8013708047609454,0.2668181182211811
3.810109588220166,0.2667651502723346
3.8188483716793864,0.266702280415578
3.827587155138607,0.2666296069291231
3.836325938597828,0.26654724186263373
3.845064722057048,0.2664553108068409
3.853803505516269,0.2663539526367426
3.8625422889754892,0.2662433192293211
3.87128107243471,0.26612357515678514
3.8800198558939307,0.2659948973564301
3.888758639353151,0.26585747477827437
3.8974974228123718,0.26571150801169846
3.906236206271592,0.26555720889237067
3.914974989730813,0.265394800090788
3.9237137731900336,0.2652245146838149
3.932452556649254,0.26504659571062283
3.9411913401084746,0.264861295714475
3.949930123567695,0.26466887627181124
3.9586689070269157,0.26446960751010506
3.9674076904861364,0.26426376761596726
3.9761464739453567,0.264051642334971
3.9848852574045774,0.26383352446466096
3.9936240408637977,0.2636097133421948
4.0023628243230185,0.26338051432804305
4.011101607782239,0.2631462382871439
4.01984039124146,0.26290720106887394
4.02857917470068,0.2626637229871599
4.037317958159901,0.26241612830200617
4.046056741619121,0.26216474470366935
4.054795525078342,0.2619099028006539
4.063534308537562,0.2616519356126471
4.072273091996783,0.26139117806945256
4.081011875456004,0.2611279665169178
4.089750658915224,0.2608626382307882
4.0984894423744445,0.2605955309393497
4.107228225833666,0.26032698235566054
4.115967009292886,0.26005732972009793
4.124705792752106,0.25978690935388066
4.1334445762113265,0.2595160562241589
4.142183359670548,0.2592451035211924
4.150922143129768,0.25897438224807307
4.159660926588988,0.2587042208233796
4.1683997100482095,0.2584349446970874
4.17713849350743,0.2581668759799931
4.18587727696665,0.2579003330868544
4.19461606042587,0.2576356303933799
4.203354843885092,0.2573730779071572
4.212093627344312,0.2571129809525429
4.220832410803532,0.2568556398694948
4.229571194262753,0.2566013497262725
4.238309977721974,0.25635040004589316
4.247048761181194,0.2561030745461803
4.255787544640415,0.255859650893209
4.2645263280996355,0.25562040046791523
4.273265111558856,0.25538558814559953
4.282003895018076,0.2551554720880323
4.290742678477297,0.2549303035478376
4.299481461936518,0.2547103266848082
4.308220245395738,0.254495778393792
4.316959028854959,0.25428688814376127
4.325697812314179,0.2540838778276747
4.3344365957734,0.2538869616227233
4.343175379232621,0.25369634586054496
4.351914162691841,0.2535122289069894
4.3606529461510615,0.25333480105100875
4.369391729610282,0.2531642444022531
4.378130513069503,0.25300073279694907
4.386869296528723,0.25284443171164434
4.395608079987944,0.25269549818441067
4.404346863447165,0.2525540807431035
4.413085646906385,0.2524203193402872
4.421824430365605,0.2522943452944496
4.4305632138248265,0.2521762812371419
4.439301997284047,0.252066241065694
4.448040780743267,0.25196432990117856
4.456779564202487,0.25187064405130727
4.465518347661709,0.25178527097796927
4.474257131120929,0.2517082892691388
4.482995914580149,0.2516397686149032
4.49173469803937,0.2515797697873831
4.500473481498591,0.25152834462434026
4.509212264957811,0.25148553601629664
4.517951048417031,0.2514513778970058
4.5266898318762525,0.25142589523715064
4.535428615335473,0.2514091040411616
4.544167398794693,0.25140101134707865
4.552906182253914,0.251401615229405
4.561644965713135,0.25141090480492706
4.570383749172355,0.2514288602415031
4.579122532631576,0.2514554527698459
4.587861316090796,0.25149064469835525
4.596600099550017,0.25153438943107836
4.605338883009237,0.2515866314889034
4.614077666468458,0.25164730653411804
4.6228164499276785,0.2517163413984852
4.631555233386899,0.25179365411501825
4.64029401684612,0.2518791539536554
4.64903280030534,0.2519727414610601
4.657771583764561,0.2520743085047934
4.666510367223782,0.2521837383221252
4.675249150683002,0.25230090557377255
4.683987934142222,0.25242567640286934
4.692726717601443,0.2525579084994904
4.701465501060664,0.25269745117106707
4.710204284519884,0.25284414541904887
4.7189430679791045,0.252997824022173
4.727681851438326,0.25315831162671865
4.736420634897546,0.2533254248441319
4.745159418356766,0.25349897235640956
4.753898201815987,0.2536787550296406
4.762636985275208,0.2538645660361028
4.771375768734428,0.25405619098531457
4.780114552193648,0.25425340806443775
4.7888533356528695,0.25445598818842663
4.79759211911209,0.2546636951603047
4.80633090257131,0.2548762858419489
4.815069686030531,0.2550935103357417
4.823808469489752,0.25531511217743835
4.832547252948972,0.25554082854058074
4.841286036408192,0.2557703904527629
4.850024819867413,0.25600352302403345
4.858763603326634,0.25623994568768926
4.867502386785854,0.25647937245368807
4.876241170245075,0.25672151217486927
4.8849799537042955,0.2569660688261393
4.893718737163516,0.2572127417967396
4.902457520622737,0.2574612261956653
4.911196304081957,0.2577112131702682
4.919935087541178,0.25796239023801876
4.928673871000398,0.2582144416313601
4.937412654459619,0.2584670486555259
4.946151437918839,0.2587198900591454
4.95489022137806,0.2589726424173952
4.963629004837281,0.25922498052740195
4.972367788296501,0.2594765778155364
4.9811065717557215,0.2597271067561782
4.989845355214943,0.25997623930146496
4.998584138674163,0.2602236473214764
5.007322922133383,0.2604690030542396
5.016061705592604,0.26071197956487335
5.024800489051825,0.26095225121312887
5.033539272511045,0.26118949412851594
5.042278055970265,0.26142338669214493
5.0510168394294865,0.2616536100243495
5.059755622888707,0.2618798484770976
5.068494406347927,0.26210179013014007
5.077233189807147,0.2623191272897952
5.085971973266369,0.26253155698920966
5.094710756725589,0.2627387814888976
5.103449540184809,0.2629405087763085
5.11218832364403,0.2631364530631422
5.120927107103251,0.26332633527909227
5.129665890562471,0.2635098835606709
5.138404674021692,0.26368683373374807
5.1471434574809125,0.26385692978841835
5.155882240940133,0.26401992434480015
5.164621024399353,0.2641755791083697
5.173359807858574,0.2643236653134308
5.182098591317795,0.2644639641533371
5.190837374777015,0.2645962671960947
5.199576158236236,0.2647203767840047
5.208314941695456,0.2648361064160263
5.217053725154677,0.26494328111159116
5.225792508613898,0.26504173775463596
5.234531292073118,0.2651313254166763
5.2432700755323385,0.26521190565780617
5.252008858991559,0.26528335280456744
5.26074764245078,0.26534555420371253
5.26948642591,0.26539841045095214
5.278225209369221,0.26544183559387197
5.286963992828442,0.26547575730828493
5.295702776287662,0.26550011704737564
5.304441559746882,0.26551487016309816
5.313180343206103,0.26551998599937743
5.321919126665324,0.2655154479567757
5.330657910124544,0.26550125352838494
5.3393966935837645,0.26547741430681143
5.348135477042986,0.2654439559622302
5.356874260502206,0.2654009181915886
5.365613043961426,0.2653483546391475
5.374351827420647,0.26528633278865443
5.383090610879868,0.26521493382754247
5.391829394339088,0.265134252483655
5.400568177798308,0.265044396835091
5.4093069612575295,0.2649454880938595
5.41804574471675,0.2648376603641249
5.42678452817597,0.2647210603759073
5.435523311635191,0.26459584719518286
5.444262095094412,0.2644621919114068
5.453000878553632,0.2643202773035455
5.461739662012853,0.2641702974857698
5.470478445472073,0.2640124575340176
5.479217228931294,0.26384697309468047
5.487956012390514,0.26367406997671433
5.496694795849735,0.26349398372850397
5.5054335793089555,0.26330695920084624
5.514172362768176,0.2631132500974303
5.522911146227397,0.2629131185142112
5.531649929686617,0.26270683446907794
5.540388713145838,0.2624946754232165
5.549127496605059,0.26227692579556283
5.557866280064279,0.2620538764717246
5.566605063523499,0.2618258243087331
5.57534384698272,0.2615930716369613
5.584082630441941,0.2613559257605099
5.592821413901161,0.26111469845733054
5.6015601973603815,0.26086970548031213
5.610298980819603,0.26062126606051184
5.619037764278823,0.26036970241366164
5.627776547738043,0.2601153392510305
5.636515331197264,0.2598585032956634
5.645254114656485,0.2595995228049639
5.653992898115705,0.25933872710052047
5.662731681574925,0.2590764461060206
5.6714704650341465,0.258813009894028
5.680209248493367,0.2585487482423353
5.688948031952587,0.25828399020054016
5.697686815411808,0.25801906366742494
5.706425598871029,0.25775429497965757
5.715164382330249,0.2574900085122654
5.723903165789469,0.25722652629126935
5.73264194924869,0.2569641676188057
5.741380732707911,0.25670324871099987
5.750119516167131,0.25644408234879806
5.758858299626352,0.2561869775419075
5.7675970830855725,0.2559322392059364
5.776335866544793,0.25568016785277964
5.785074650004014,0.2554310592942387
5.793813433463234,0.2551852043588232
5.802552216922455,0.2549428886216333
5.811291000381675,0.2547043921471839
5.820029783840896,0.2544699892449895
5.828768567300116,0.25423994823769697
5.837507350759337,0.25401453124151985
5.846246134218558,0.253793993958695
5.854984917677778,0.2535785854816641
5.8637237011369985,0.2533685481086499
5.87246248459622,0.25316411717028486
5.88120126805544,0.25296552086692825
5.88994005151466,0.2527729801162926
5.898678834973881,0.25258670841099434
5.907417618433102,0.2524069116856275
5.916156401892322,0.25223378819295894
5.924895185351542,0.2520675283888356
5.9336339688107635,0.2519083148253975
5.942372752269984,0.2517563220521865
5.951111535729204,0.2516117165247494
5.9598503191884245,0.25147465652033363
5.968589102647646,0.2513452920602881
5.977327886106866,0.25122376483878484
5.986066669566086,0.2511102081574938
5.994805453025307,0.2510047468658507
6.003544236484528,0.2509074973065785
6.012283019943748,0.25081856726613383
6.021021803402969,0.25073805592976967
6.0297605868621895,0.2506660538409249
6.03849937032141,0.2506026428646675
6.04723815378063,0.25054789615494555
6.055976937239851,0.2505018781254139
6.064715720699072,0.25046464442363475
6.073454504158292,0.25043624190846747
6.082193287617513,0.2504167086304931
6.090932071076733,0.2504060738153376
6.099670854535954,0.25040435784978815
6.108409637995175,0.2504115722706204
6.117148421454395,0.2504277197560786
6.1258872049136155,0.2504527941199814
6.134625988372836,0.25048678030844795
6.143364771832057,0.2505296543992664
6.152103555291277,0.2505813836039566
6.160842338750498,0.2506419262725993
6.169581122209719,0.250711231901535
6.178319905668939,0.2507892411440596
6.187058689128159,0.2508758858242683
6.19579747258738,0.25097108895422643
6.204536256046601,0.2510747647546688
6.213275039505821,0.2511868186794527
6.2220138229650415,0.2513071474440135
6.230752606424263,0.2514356390580948
6.239491389883483,0.25157217286304223
6.248230173342703,0.25171661957397656
6.256968956801924,0.25186884132717446
6.265707740261145,0.2520286917330077
6.274446523720365,0.25219601593480406
6.283185307179586,0.2523706506740132
